﻿Designator,Quantity,Value,Footprint,Package,MPN,DNP,Mount_Type,Description,Height,Mouser Part Number,Mouser Price/Stock,Manufacturer_Name,Comment,MF,Description_1,Price,Check_prices,STANDARD,PARTREV,SnapEDA_Link,MP,Purchase-URL,Availability,MANUFACTURER
Brd1,1,SSD1306,128x64_0.96_Disp_Module,,,,tht,SSD1306 OLED,,,,,,,,,,,,,,,,
"C1, C2",2,0.1uf,C_1206_3216Metric,,,,smt,Unpolarized capacitor,,,,,,,,,,,,,,,,
"C3, C4",2,C,C_1206_3216Metric,,,,smt,Unpolarized capacitor,,,,,,,,,,,,,,,,
"D1, D2",2,LED,D_1206_3216Metric,,,,smt,Light emitting diode,,,,,,,,,,,,,,,,
IC1,1,INA219BIDR,SOIC127P600X175-8N,,INA219BIDR,,smt,"26-V, Bidirectional, Zero-Drift, High-Side, I2C Out Current/Power Monitor",1.75,595-INA219BIDR,https://www.mouser.co.uk/ProductDetail/Texas-Instruments/INA219BIDR?qs=1WmUhT%2FVMINyGsXNJcdD5Q%3D%3D,Texas Instruments,,,,,,,,,,,,
J1,1,67068-8000,670688000,,67068-8000,,tht,USB Connectors USB TYPE B RECEPT. Rt.Angle Gold Flash,11,,,Molex,,,,,,,,,,,,
J2,1,LOAD,"TerminalBlock_Phoenix_MKDS-1,5-2-5.08_1x02_P5.08mm_Horizontal",,,,tht,"Generic connector, single row, 01x02, script generated",,,,,,,,,,,,,,,,
J3,1,POWER,"TerminalBlock_Phoenix_MKDS-1,5-2-5.08_1x02_P5.08mm_Horizontal",,,,tht,"Generic connector, single row, 01x02, script generated",,,,,,,,,,,,,,,,
J5,1,Conn_01x04_Pin,JST_XH_S4B-XH-A-1_1x04_P2.50mm_Horizontal,,,,tht,"Generic connector, single row, 01x04, script generated",,,,,,,,,,,,,,,,
J6,1,Conn_01x10_Pin,PinHeader_1x10_P2.54mm_Vertical,,,,tht,"Generic connector, single row, 01x10, script generated",,,,,,,,,,,,,,,,
"R1, R4, R9",3,22R,R_1206_3216Metric,,,,smt,Resistor,,,,,,,,,,,,,,,,
"R10, R5",2,1k,R_1206_3216Metric,,,,smt,Resistor,,,,,,,,,,,,,,,,
R2,1,4.7k,R_1206_3216Metric,,,,smt,Resistor,,,,,,,,,,,,,,,,
R3,1,4.7K,R_1206_3216Metric,,,,smt,Resistor,,,,,,,,,,,,,,,,
R6,1,1K,R_1206_3216Metric,,,,smt,Resistor,,,,,,,,,,,,,,,,
R7,1,1MOM,R_1206_3216Metric,,,,smt,Resistor,,,,,,,,,,,,,,,,
R8,1,0.1R,R_2512_6332Metric,,,,smt,Resistor,,,,,,,,,,,,,,,,
"SW1, SW2",2,1825910-6,SW_1825910-6-4,None,,,tht,,,,,,1825910-6,TE Connectivity,"
Switch Push Button OFF (ON) SPST Round Button 0.05A 24VDC Momentary Contact PC Pins Thru-Hole
",None,https://www.snapeda.com/parts/1825910-6/TE+Connectivity+ALCOSWITCH+Switches/view-part/?ref=eda,Manufacturer Recommendations,C10,https://www.snapeda.com/parts/1825910-6/TE+Connectivity+ALCOSWITCH+Switches/view-part/?ref=snap,1825910-6,https://www.snapeda.com/api/url_track_click_mouser/?unipart_id=226996&manufacturer=TE Connectivity&part_name=1825910-6&search_term=pushbutton,In Stock,TE CONNECTIVITY
U1,1,AMS1117-3.3,SOT-223-3_TabPin2,,,,smt,"1A Low Dropout regulator, positive, 3.3V fixed output, SOT-223",,,,,,,,,,,,,,,,
U2,1,STM32F103CBTx,LQFP-48_7x7mm_P0.5mm,,,,smt,"STMicroelectronics Arm Cortex-M3 MCU, 128KB flash, 20KB RAM, 72 MHz, 2.0-3.6V, 37 GPIO, LQFP48",,,,,,,,,,,,,,,,
U3,1,M24M02-DRMN6TP,SOIC8,SO-8 STMicroelectronics,,,smt,,,,,,,STMicroelectronics,"
EEPROM Memory IC 2Mb (256K x 8) I²C 1 MHz 450 ns 8-SOIC
",None,https://www.snapeda.com/parts/M24M02-DRMN6TP/STMicroelectronics/view-part/?ref=eda,,,https://www.snapeda.com/parts/M24M02-DRMN6TP/STMicroelectronics/view-part/?ref=snap,M24M02-DRMN6TP,https://www.snapeda.com/api/url_track_click_mouser/?unipart_id=364202&manufacturer=STMicroelectronics&part_name=M24M02-DRMN6TP&search_term=m24m02-drmn6tp,In Stock,
Y1,1,ABL-16.000MHz-B4Y,ABL,,ABL-16.000MHz-B4Y,,tht,16MHz +/-30ppm Crystal 18pF 40 Ohms HC-49/US,,815-ABL-16-B4Y,https://www.mouser.co.uk/ProductDetail/ABRACON/ABL-16.000MHz-B4Y?qs=DZ%2FvJMgWWIsyUPmWNxNaQw%3D%3D,ABRACON,,,,,,,,,,,,
