﻿pos_x,pos_y,rotation,side,designator,mpn,pack,footprint,value,mount_type,place
18.945,-42.91,0.0,top,Brd1,,,128x64_0.96_Disp_Module,SSD1306,tht,True
48.8,-21.0,-90.0,top,C1,,,C_1206_3216Metric,0.1uf,smt,True
60.6,-22.125,90.0,top,C2,,,C_1206_3216Metric,0.1uf,smt,True
22.0,-35.525,-90.0,top,C3,,,C_1206_3216Metric,C,smt,True
39.5,-36.025,-90.0,top,C4,,,C_1206_3216Metric,C,smt,True
50.4,-38.5,0.0,top,D1,,,D_1206_3216Metric,LED,smt,True
50.4,-41.89,0.0,top,D2,,,D_1206_3216Metric,LED,smt,True
39.5,-30.5,0.0,top,IC1,INA219BIDR,,SOIC127P600X175-8N,INA219BIDR,smt,True
69.0,-23.0,180.0,top,J1,67068-8000,,670688000,67068-8000,tht,True
25.5,-61.5,180.0,top,J2,,,"TerminalBlock_Phoenix_MKDS-1,5-2-5.08_1x02_P5.08mm_Horizontal",LOAD,tht,True
39.58,-61.5,180.0,top,J3,,,"TerminalBlock_Phoenix_MKDS-1,5-2-5.08_1x02_P5.08mm_Horizontal",POWER,tht,True
47.7,-60.2,0.0,top,J5,,,JST_XH_S4B-XH-A-1_1x04_P2.50mm_Horizontal,Conn_01x04_Pin,tht,True
76.95,-29.52,0.0,top,J6,,,PinHeader_1x10_P2.54mm_Vertical,Conn_01x10_Pin,tht,True
67.5,-29.5,90.0,top,R1,,,R_1206_3216Metric,22R,smt,True
56.5,-41.5,180.0,top,R10,,,R_1206_3216Metric,1k,smt,True
40.0375,-20.0,0.0,top,R2,,,R_1206_3216Metric,4.7k,smt,True
34.5,-20.0,0.0,top,R3,,,R_1206_3216Metric,4.7K,smt,True
72.0,-29.4625,90.0,top,R4,,,R_1206_3216Metric,22R,smt,True
49.0,-49.2,90.0,top,R5,,,R_1206_3216Metric,1k,smt,True
29.0,-48.9625,-90.0,top,R6,,,R_1206_3216Metric,1K,smt,True
30.4625,-38.0,0.0,top,R7,,,R_1206_3216Metric,1MOM,smt,True
49.0,-31.0,-90.0,top,R8,,,R_2512_6332Metric,0.1R,smt,True
56.4625,-38.0,0.0,top,R9,,,R_1206_3216Metric,22R,smt,True
43.25,-48.75,0.0,top,SW1,,None,SW_1825910-6-4,1825910-6,tht,True
22.5,-48.75,0.0,top,SW2,,None,SW_1825910-6-4,1825910-6,tht,True
54.5,-21.35,90.0,top,U1,,,SOT-223-3_TabPin2,AMS1117-3.3,smt,True
28.0,-26.0,0.0,top,U2,,,LQFP-48_7x7mm_P0.5mm,STM32F103CBTx,smt,True
41.405,-27.4467,90.0,top,U3,,SO-8 STMicroelectronics,SOIC8,M24M02-DRMN6TP,smt,True
28.12,-36.0,0.0,top,Y1,ABL-16.000MHz-B4Y,,ABL,ABL-16.000MHz-B4Y,tht,True
